location_key,latitude,longitude
"i-44, exit 283 & us-69|big cabin|ok",35.25364,-99.646878
"i-94, exit 143 & us-12 & sr-21|tomah|wi",43.978526,-90.51355
"i-8, exit 119 & sr-85|gila bend|az",32.960027,-112.702211
"i-540, exit 12 & us-71|fort smith|ar",35.372017,-94.386
us-46|columbia|nj,40.78096,-74.385611
"i-81, exit 273 & sr-703/sr-292|mount jackson|va",38.743242,-78.646498
"i-35, exit 271|jarrell|tx",30.82639,-97.606035
"i-85, exit 22 & cr-138|shorter|al",45.638409,-122.5308
"i-65, exit 50 & us-50 & us-31|seymour|in",38.959251,-85.888222
"i-29 & i-80, exit 3|council bluffs|ia",41.230526,-95.838091
"i-80, exit 27|atkinson|il",41.464864,-90.036814
"i-80 & i-280, exit 71|perrysburg|oh",39.211107,-84.694807
"i-80 & i-94, exit 15-a|lake station|in",40.887328,-96.678697
"i-80, exit 147 & sr-144|snow shoe|pa",41.067188,-77.879949
"i-80/i-90, exit 13 & us-20alt/sr-15|montpelier|oh",41.581935,-84.602896
